id_delito,generico,subgenerico,articulo,des_articulo
1,CONTRA EL HONOR,CONTRA EL HONOR (Sin especificar delito subgenérico),S/Art,CONTRA EL HONOR
2,CONTRA EL HONOR,"INJURIA,CALUMNIA Y DIFAMACION",130,Injuria
3,CONTRA EL HONOR,"INJURIA,CALUMNIA Y DIFAMACION",131,Calumnia
4,CONTRA EL HONOR,"INJURIA,CALUMNIA Y DIFAMACION",132,Difamación
5,CONTRA EL HONOR,"INJURIA,CALUMNIA Y DIFAMACION",S/Art,"INJURIA, CALUMNIA Y DIFAMACIÓN"
6,CONTRA EL ORDEN ECONOMICO,"ACAPARAMIENTO, ESPECULACION, ADULTERACION",234,Especulación
7,CONTRA EL ORDEN FINANCIERO Y MONETARIO,CONTRA EL ORDEN FINANCIERO Y MONETARIO (Sin especificar delito subgenérico),S/Art,CONTRA EL ORDEN FINANCIERO Y MONETARIO
8,CONTRA EL ORDEN FINANCIERO Y MONETARIO,DELITOS MONETARIOS,254,Tráfico de moneda falsa
9,CONTRA EL ORDEN FINANCIERO Y MONETARIO,DELITOS MONETARIOS,S/Art,DELITOS MONETARIOS
10,CONTRA EL PATRIMONIO,ABIGEATO,189-A,Hurto de ganado
11,CONTRA EL PATRIMONIO,ABIGEATO,189-B,Hurto de uso de ganado
12,CONTRA EL PATRIMONIO,ABIGEATO,189-C,Robo de ganado 
13,CONTRA EL PATRIMONIO,ABIGEATO,S/Art,ABIGEATO
14,CONTRA EL PATRIMONIO,APROPIACION ILICITA,190,Apropiación ilícita común
15,CONTRA EL PATRIMONIO,APROPIACION ILICITA,191,Sustracción de bien propio
16,CONTRA EL PATRIMONIO,APROPIACION ILICITA,192,Apropiación irregular
17,CONTRA EL PATRIMONIO,APROPIACION ILICITA,193,Apropiación de prenda
18,CONTRA EL PATRIMONIO,APROPIACION ILICITA,S/Art,APROPIACIÓN ILÍCITA
19,CONTRA EL PATRIMONIO,CONTRA EL PATRIMONIO (Sin especificar delito subgenérico),S/Art,CONTRA EL PATRIMONIO
20,CONTRA EL PATRIMONIO,DAÑOS,205,Daño simple
21,CONTRA EL PATRIMONIO,DAÑOS,206,Formas agravadas
22,CONTRA EL PATRIMONIO,DAÑOS,206-A,Abandono y actos de crueldad contra animales domésticos y silvestres
23,CONTRA EL PATRIMONIO,DAÑOS,S/Art,DAÑOS
24,CONTRA EL PATRIMONIO,ESTAFA Y OTRAS DEFRAUDACIONES,196,Estafa
25,CONTRA EL PATRIMONIO,ESTAFA Y OTRAS DEFRAUDACIONES,197,Casos de defraudación
26,CONTRA EL PATRIMONIO,ESTAFA Y OTRAS DEFRAUDACIONES,196-A,Estafa agravada
27,CONTRA EL PATRIMONIO,ESTAFA Y OTRAS DEFRAUDACIONES,S/Art,ESTAFA Y OTRAS DEFRAUDACIONES
28,CONTRA EL PATRIMONIO,EXTORSION,200,Extorsión.
29,CONTRA EL PATRIMONIO,EXTORSION,201,Chantaje
30,CONTRA EL PATRIMONIO,EXTORSION,S/Art,EXTORSIÓN
31,CONTRA EL PATRIMONIO,HURTO,185,Hurto simple
32,CONTRA EL PATRIMONIO,HURTO,186,Hurto agravado
33,CONTRA EL PATRIMONIO,HURTO,S/Art,HURTO
34,CONTRA EL PATRIMONIO,RECEPTACION,194,Receptación.
35,CONTRA EL PATRIMONIO,RECEPTACION,195,Formas agravadas
36,CONTRA EL PATRIMONIO,RECEPTACION,S/Art,RECEPTACIÓN
37,CONTRA EL PATRIMONIO,ROBO,188,Robo.
38,CONTRA EL PATRIMONIO,ROBO,189,Robo agravado
39,CONTRA EL PATRIMONIO,ROBO,S/Art,ROBO
40,CONTRA EL PATRIMONIO,USURPACION,202,Usurpación.
41,CONTRA EL PATRIMONIO,USURPACION,203,Desvío ilegal del curso de las aguas
42,CONTRA EL PATRIMONIO,USURPACION,204,Formas agravadas de usurpación
43,CONTRA EL PATRIMONIO,USURPACION,S/Art,USURPACIÓN
44,CONTRA EL PATRIMONIO CULTURAL,CONTRA LOS BIENES CULTURALES,226,Atentados contra monumentos arqueológicos
45,CONTRA LA ADMINISTRACION PUBLICA,DELITOS COMETIDOS POR FUNCIONARIOS PUBLICOS,376,Abuso de autoridad
46,CONTRA LA ADMINISTRACION PUBLICA,DELITOS COMETIDOS POR FUNCIONARIOS PUBLICOS,377,"Omisión, rehusamiento o demora de actos funcionales (abuso de autoridad)"
47,CONTRA LA ADMINISTRACION PUBLICA,DELITOS COMETIDOS POR FUNCIONARIOS PUBLICOS,379,Requerimiento indebido de la fuerza pública (abuso de autoridad)
48,CONTRA LA ADMINISTRACION PUBLICA,DELITOS COMETIDOS POR FUNCIONARIOS PUBLICOS,381,Nombramiento o aceptación ilegal (abuso de autoridad)
49,CONTRA LA ADMINISTRACION PUBLICA,DELITOS COMETIDOS POR FUNCIONARIOS PUBLICOS,383,Cobro indebido (concusión)
50,CONTRA LA ADMINISTRACION PUBLICA,DELITOS COMETIDOS POR FUNCIONARIOS PUBLICOS,384,Colusión simple y agravada (concusión)
51,CONTRA LA ADMINISTRACION PUBLICA,DELITOS COMETIDOS POR FUNCIONARIOS PUBLICOS,385,Patrocinio ilegal (concusión)
52,CONTRA LA ADMINISTRACION PUBLICA,DELITOS COMETIDOS POR FUNCIONARIOS PUBLICOS,386,"Responsabilidad de peritos, árbitros y contadores particulares (concusión)"
53,CONTRA LA ADMINISTRACION PUBLICA,DELITOS COMETIDOS POR FUNCIONARIOS PUBLICOS,387,Peculado doloso y culposo (peculado)
54,CONTRA LA ADMINISTRACION PUBLICA,DELITOS COMETIDOS POR FUNCIONARIOS PUBLICOS,388,Peculado de uso (peculado)
55,CONTRA LA ADMINISTRACION PUBLICA,DELITOS COMETIDOS POR FUNCIONARIOS PUBLICOS,389,Malversación (peculado)
56,CONTRA LA ADMINISTRACION PUBLICA,DELITOS COMETIDOS POR FUNCIONARIOS PUBLICOS,390,Retardo injustificado de pago (peculado)
57,CONTRA LA ADMINISTRACION PUBLICA,DELITOS COMETIDOS POR FUNCIONARIOS PUBLICOS,391,Rehusamiento a entrega de bienes depositados o puestos en custodia
58,CONTRA LA ADMINISTRACION PUBLICA,DELITOS COMETIDOS POR FUNCIONARIOS PUBLICOS,393,Cohecho pasivo propio (corrupción de funcionarios)
59,CONTRA LA ADMINISTRACION PUBLICA,DELITOS COMETIDOS POR FUNCIONARIOS PUBLICOS,394,Cohecho pasivo impropio (corrupción de funcionarios)
60,CONTRA LA ADMINISTRACION PUBLICA,DELITOS COMETIDOS POR FUNCIONARIOS PUBLICOS,397,Cohecho activo genérico (corrupción de funcionarios)
61,CONTRA LA ADMINISTRACION PUBLICA,DELITOS COMETIDOS POR FUNCIONARIOS PUBLICOS,399,Negociación incompatible o aprovechamiento indebido de cargo (corrupción de funcionarios)
62,CONTRA LA ADMINISTRACION PUBLICA,DELITOS COMETIDOS POR FUNCIONARIOS PUBLICOS,400,Tráfico de influencias (corrupción de funcionarios)
63,CONTRA LA ADMINISTRACION PUBLICA,DELITOS COMETIDOS POR FUNCIONARIOS PUBLICOS,S/Art,DELITOS COMETIDOS POR FUNCIONARIOS PUBLICO
64,CONTRA LA ADMINISTRACION PUBLICA,DELITOS COMETIDOS POR PARTICULARES,361,Usurpación de función pública
65,CONTRA LA ADMINISTRACION PUBLICA,DELITOS COMETIDOS POR PARTICULARES,362,Ostentación de distintivos de función o cargos que no ejerce
66,CONTRA LA ADMINISTRACION PUBLICA,DELITOS COMETIDOS POR PARTICULARES,363,Ejercicio ilegal de profesión
67,CONTRA LA ADMINISTRACION PUBLICA,DELITOS COMETIDOS POR PARTICULARES,366,Violencia contra la autoridad para impedir el ejercicio de sus funciones
68,CONTRA LA ADMINISTRACION PUBLICA,DELITOS COMETIDOS POR PARTICULARES,367,Formas agravadas (Art. 365 y 366)
69,CONTRA LA ADMINISTRACION PUBLICA,DELITOS COMETIDOS POR PARTICULARES,368,Resistencia o desobediencia a la autoridad
70,CONTRA LA ADMINISTRACION PUBLICA,DELITOS COMETIDOS POR PARTICULARES,369,Violencia contra autoridades elegidas
71,CONTRA LA ADMINISTRACION PUBLICA,DELITOS COMETIDOS POR PARTICULARES,371,Negativa a colaborar con la administración de justicia
72,CONTRA LA ADMINISTRACION PUBLICA,DELITOS COMETIDOS POR PARTICULARES,372,Atentado contra documentos que sirven de prueba en el proceso
73,CONTRA LA ADMINISTRACION PUBLICA,DELITOS COMETIDOS POR PARTICULARES,368-A,"Ingreso indebido de equipos o sistema de comunicación, fotografía y/o filmación en centros de detención o reclusión"
74,CONTRA LA ADMINISTRACION PUBLICA,DELITOS COMETIDOS POR PARTICULARES,368-B,Ingreso indebido de materiales o componentes con fines de elaboración de equipos de comunicación en centros de detención o reclusión
75,CONTRA LA ADMINISTRACION PUBLICA,DELITOS COMETIDOS POR PARTICULARES,S/Art,DELITOS COMETIDOS POR PARTICULARES
76,CONTRA LA ADMINISTRACION PUBLICA,DELITOS CONTRA LA ADMINISTRACION DE JUSTICIA,402,Denuncia calumniosa
77,CONTRA LA ADMINISTRACION PUBLICA,DELITOS CONTRA LA ADMINISTRACION DE JUSTICIA,404,Encubrimiento personal
78,CONTRA LA ADMINISTRACION PUBLICA,DELITOS CONTRA LA ADMINISTRACION DE JUSTICIA,405,Encubrimiento real
79,CONTRA LA ADMINISTRACION PUBLICA,DELITOS CONTRA LA ADMINISTRACION DE JUSTICIA,407,Omisión de denuncia
80,CONTRA LA ADMINISTRACION PUBLICA,DELITOS CONTRA LA ADMINISTRACION DE JUSTICIA,408,Fuga del lugar del accidente de tránsito
81,CONTRA LA ADMINISTRACION PUBLICA,DELITOS CONTRA LA ADMINISTRACION DE JUSTICIA,409,Falsedad en juicio
82,CONTRA LA ADMINISTRACION PUBLICA,DELITOS CONTRA LA ADMINISTRACION DE JUSTICIA,411,Falsa declaración en procedimiento administrativo
83,CONTRA LA ADMINISTRACION PUBLICA,DELITOS CONTRA LA ADMINISTRACION DE JUSTICIA,416,Fraude procesal
84,CONTRA LA ADMINISTRACION PUBLICA,DELITOS CONTRA LA ADMINISTRACION DE JUSTICIA,417,Ejercicio arbitrario de derecho. Justicia por propia mano
85,CONTRA LA ADMINISTRACION PUBLICA,DELITOS CONTRA LA ADMINISTRACION DE JUSTICIA,423,Negativa al cumplimiento de obligaciones de notario y auxiliares jurisdiccionales
86,CONTRA LA ADMINISTRACION PUBLICA,DELITOS CONTRA LA ADMINISTRACION DE JUSTICIA,409-A,Obstrucción de la justicia
87,CONTRA LA ADMINISTRACION PUBLICA,DELITOS CONTRA LA ADMINISTRACION DE JUSTICIA,S/Art,DELITOS CONTRA LA ADMINISTRACIÓN DE JUSTICIA
88,CONTRA LA ADMINISTRACION PUBLICA,DELITOS CONTRA LA ADMINISTRACION PUBLICA (Sin especificar delito subgenérico),S/Art,DELITOS CONTRA LA ADMINISTRACIÓN PUBLICA
89,CONTRA LA CONF.Y.LA.BUEN.FE.EN.NEGOCIOS,LIBRAMIENTO Y COBRO INDEBIDO,S/Art,LIBRAMIENTO Y COBRO INDEBIDO
90,CONTRA LA CONF.Y.LA.BUEN.FE.EN.NEGOCIOS,USURA,214,Usura
91,CONTRA LA FAMILIA,ATENTADOS CONTRA LA PATRIA POTESTAD,147,Sustracción de menor
92,CONTRA LA FAMILIA,ATENTADOS CONTRA LA PATRIA POTESTAD,148,Inducción a la fuga de menor
93,CONTRA LA FAMILIA,ATENTADOS CONTRA LA PATRIA POTESTAD,S/Art,ATENTADOS CONTRA LA PATRIA POTESTAD
94,CONTRA LA FAMILIA,CONTRA LA FAMILIA (Sin especificar delito subgenérico),S/Art,CONTRA LA FAMILIA
95,CONTRA LA FAMILIA,MATRIMONIOS ILEGALES,139,Bigamia
96,CONTRA LA FAMILIA,OMISION DE ASISTENCIA FAMILIAR,149,Omisión de prestación de alimentos
97,CONTRA LA FAMILIA,OMISION DE ASISTENCIA FAMILIAR,150,Abandono de mujer gestante y en situación crítica
98,CONTRA LA FAMILIA,OMISION DE ASISTENCIA FAMILIAR,S/Art,OMISIÓN DE ASISTENCIA FAMILIAR
99,CONTRA LA FE PUBLICA,DELITOS CONTRA LA FE PUBLICA (Sin especificar delito subgenérico),S/Art,DELITOS CONTRA LA FE PUBLICA
100,CONTRA LA FE PUBLICA,DISPOSICIONES COMUNES,438,Falsedad genérica (disposiciones comunes)
101,CONTRA LA FE PUBLICA,FALSIFICACION DE DOCUMENTOS EN GENERAL,427,Falsificación de documentos
102,CONTRA LA FE PUBLICA,FALSIFICACION DE DOCUMENTOS EN GENERAL,428,Falsedad ideológica
103,CONTRA LA FE PUBLICA,FALSIFICACION DE DOCUMENTOS EN GENERAL,430,"Supresión, destrucción u ocultamiento de documentos"
104,CONTRA LA FE PUBLICA,FALSIFICACION DE DOCUMENTOS EN GENERAL,431,Expedición de certificado médico falso
105,CONTRA LA FE PUBLICA,FALSIFICACION DE DOCUMENTOS EN GENERAL,432,Inhabilitación
106,CONTRA LA FE PUBLICA,FALSIFICACION DE DOCUMENTOS EN GENERAL,S/Art,FALSIFICACIÓN DE DOCUMENTOS EN GENERAL
107,CONTRA LA FE PUBLICA,"FALSIFICACION DE SELLOS, TIMBRES Y MARCAS OFICIALES",434,Fabricación o falsificación de sellos o timbres oficiales
108,CONTRA LA HUMANIDAD,DELITOS CONTRA LA HUMANIDAD (Sin especificar delito subgenérico),S/Art,DELITOS CONTRA LA HUMANIDAD
109,CONTRA LA HUMANIDAD,DESAPARICION FORZADA,320,Desaparición forzada de personas
110,CONTRA LA HUMANIDAD,DESAPARICION FORZADA,S/Art,DESAPARICIÓN FORZADA
111,CONTRA LA HUMANIDAD,DISCRIMINACION,323,Discriminación e incitación a la discriminación
112,CONTRA LA HUMANIDAD,DISCRIMINACION,S/Art,DISCRIMINACIÓN
113,CONTRA LA LIBERTAD,CONTRA LA LIBERTAD (Sin especificar delito subgenérico),S/Art,CONTRA LA LIBERTAD
114,CONTRA LA LIBERTAD,OFENSAS AL PUDOR PUBLICO,183,Exhibiciones y publicaciones obscenas
115,CONTRA LA LIBERTAD,OFENSAS AL PUDOR PUBLICO,183-A,Pornografía infantil
116,CONTRA LA LIBERTAD,OFENSAS AL PUDOR PUBLICO,183-B,"Proposiciones a niños, niñas y adolescentes con fines sexuales"
117,CONTRA LA LIBERTAD,PROXENETISMO,179,Favorecimiento a la prostitución
118,CONTRA LA LIBERTAD,PROXENETISMO,181,Proxenetismo.
119,CONTRA LA LIBERTAD,VIOLACION DE DOMICILIO,159,Violación de domicilio
120,CONTRA LA LIBERTAD,VIOLACION DE DOMICILIO,S/Art,VIOLACION DE DOMICILIO
121,CONTRA LA LIBERTAD,VIOLACION DE LA INTIMIDAD,154,Violación de la intimidad
122,CONTRA LA LIBERTAD,VIOLACION DE LA INTIMIDAD,154-B,"Difusión de imágenes, materiales audiovisuales o audios con contenido sexual"
123,CONTRA LA LIBERTAD,VIOLACION DE LA INTIMIDAD,S/Art,VIOLACION DE LA INTIMIDAD
124,CONTRA LA LIBERTAD,VIOLACION DE LA LIBERTAD DE REUNION,166,Perturbación de reunión pública
125,CONTRA LA LIBERTAD,VIOLACION DE LA LIBERTAD DE TRABAJO,168,Atentado contra la libertad de trabajo y asociación
126,CONTRA LA LIBERTAD,VIOLACION DE LA LIBERTAD PERSONAL,151,Coacción
127,CONTRA LA LIBERTAD,VIOLACION DE LA LIBERTAD PERSONAL,152,Secuestro
128,CONTRA LA LIBERTAD,VIOLACION DE LA LIBERTAD PERSONAL,153,Trata de personas
129,CONTRA LA LIBERTAD,VIOLACION DE LA LIBERTAD PERSONAL,151-A,Acoso
130,CONTRA LA LIBERTAD,VIOLACION DE LA LIBERTAD PERSONAL,153-A,Formas agravadas de la Trata de Personas
131,CONTRA LA LIBERTAD,VIOLACION DE LA LIBERTAD PERSONAL,S/Art,VIOLACIÓN DE LA LIBERTAD PERSONAL
132,CONTRA LA LIBERTAD,VIOLACION DE LA LIBERTAD SEXUAL,170,Violación sexual
133,CONTRA LA LIBERTAD,VIOLACION DE LA LIBERTAD SEXUAL,171,Violación de persona en estado de inconsciencia o en la imposibilidad de resistir
134,CONTRA LA LIBERTAD,VIOLACION DE LA LIBERTAD SEXUAL,172,Violación de persona en incapacidad de dar su libre consentimiento
135,CONTRA LA LIBERTAD,VIOLACION DE LA LIBERTAD SEXUAL,173,Violación sexual de menor de edad
136,CONTRA LA LIBERTAD,VIOLACION DE LA LIBERTAD SEXUAL,175,Violación sexual mediante engaño
137,CONTRA LA LIBERTAD,VIOLACION DE LA LIBERTAD SEXUAL,176,"Tocamientos, actos de connotación sexual o actos libidinosos sin consentimiento"
138,CONTRA LA LIBERTAD,VIOLACION DE LA LIBERTAD SEXUAL,173-A,Violación sexual de menor de edad seguida de muerte o lesión grave
139,CONTRA LA LIBERTAD,VIOLACION DE LA LIBERTAD SEXUAL,176-A,"Tocamientos, actos de connotación sexual o actos libidinosos en agravio de menores"
140,CONTRA LA LIBERTAD,VIOLACION DE LA LIBERTAD SEXUAL,176-B,Acoso sexual
141,CONTRA LA LIBERTAD,VIOLACION DE LA LIBERTAD SEXUAL,176-C,Chantaje sexual
142,CONTRA LA LIBERTAD,VIOLACION DE LA LIBERTAD SEXUAL,S/Art,VIOLACIÓN DE LA LIBERTAD SEXUAL
143,CONTRA LA SEGURIDAD PUBLICA,"CONTRA LA SALUD PUBLICA (CONTAMINACION Y PROPAGACION, TRAFICO ILICITO DE DROGAS)",286,Contaminación o adulteración de bienes o insumos destinados al uso o consumo humano y alteración de la fecha de vencimiento
144,CONTRA LA SEGURIDAD PUBLICA,"CONTRA LA SALUD PUBLICA (CONTAMINACION Y PROPAGACION, TRAFICO ILICITO DE DROGAS)",288,"Producción, comercialización o tráfico ilícito de alimentos y otros productos destinados al uso o consumo humano"
145,CONTRA LA SEGURIDAD PUBLICA,"CONTRA LA SALUD PUBLICA (CONTAMINACION Y PROPAGACION, TRAFICO ILICITO DE DROGAS)",290,Ejercicio ilegal de la medicina
146,CONTRA LA SEGURIDAD PUBLICA,"CONTRA LA SALUD PUBLICA (CONTAMINACION Y PROPAGACION, TRAFICO ILICITO DE DROGAS)",292,Violación de medidas sanitarias
147,CONTRA LA SEGURIDAD PUBLICA,"CONTRA LA SALUD PUBLICA (CONTAMINACION Y PROPAGACION, TRAFICO ILICITO DE DROGAS)",294,"Suministro infiel de productos farmacéuticos, dispositivos médicos o productos sanitarios"
148,CONTRA LA SEGURIDAD PUBLICA,"CONTRA LA SALUD PUBLICA (CONTAMINACION Y PROPAGACION, TRAFICO ILICITO DE DROGAS)",296,Promoción o favorecimiento al Tráfico Ilícito de Drogas y otros
149,CONTRA LA SEGURIDAD PUBLICA,"CONTRA LA SALUD PUBLICA (CONTAMINACION Y PROPAGACION, TRAFICO ILICITO DE DROGAS)",298,Microcomercialización o microproducción
150,CONTRA LA SEGURIDAD PUBLICA,"CONTRA LA SALUD PUBLICA (CONTAMINACION Y PROPAGACION, TRAFICO ILICITO DE DROGAS)",302,Inducción o instigación al consumo de droga
151,CONTRA LA SEGURIDAD PUBLICA,"CONTRA LA SALUD PUBLICA (CONTAMINACION Y PROPAGACION, TRAFICO ILICITO DE DROGAS)",294-B,"Comercialización de productos farmacéuticos, dispositivos médicos o productos sanitarios sin garantía de buen estado"
152,CONTRA LA SEGURIDAD PUBLICA,"CONTRA LA SALUD PUBLICA (CONTAMINACION Y PROPAGACION, TRAFICO ILICITO DE DROGAS)",296-A,Comercialización y cultivo de amapola y marihuana y su siembra compulsiva
153,CONTRA LA SEGURIDAD PUBLICA,"CONTRA LA SALUD PUBLICA (CONTAMINACION Y PROPAGACION, TRAFICO ILICITO DE DROGAS)",S/Art,DELITOS CONTRA LA SALUD PÚBLICA
154,CONTRA LA SEGURIDAD PUBLICA,CONTRA LA SEGURIDAD PUBLICA (Sin especificar delito subgenérico),S/Art,DELITO CONTRA LA SEGURIDAD PÚBLICA
155,CONTRA LA SEGURIDAD PUBLICA,"CONTRA LOS MEDIOS DE TRANSP., COMUNIC. Y OTROS SERV. PÚBLICOS",283,Entorpecimiento al funcionamiento de servicios públicos
156,CONTRA LA SEGURIDAD PUBLICA,DELITO DE PELIGRO COMUN,273,Peligro por medio de incendio o explosión
157,CONTRA LA SEGURIDAD PUBLICA,DELITO DE PELIGRO COMUN,274,Conducción en estado de ebriedad o drogadicción
158,CONTRA LA SEGURIDAD PUBLICA,DELITO DE PELIGRO COMUN,279,"Fabricación, suministro o tenencia de materiales peligrosos"
159,CONTRA LA SEGURIDAD PUBLICA,DELITO DE PELIGRO COMUN,274-A,Manipulación en estado de ebriedad o drogadicción
160,CONTRA LA SEGURIDAD PUBLICA,DELITO DE PELIGRO COMUN,279-A,"Producción, desarrollo y comercialización ilegal de armas químicas"
161,CONTRA LA SEGURIDAD PUBLICA,DELITO DE PELIGRO COMUN,279-C,Tráfico de productos pirotécnicos
162,CONTRA LA SEGURIDAD PUBLICA,DELITO DE PELIGRO COMUN,279-F,Uso de armas en estado de ebriedad o drogadicción
163,CONTRA LA SEGURIDAD PUBLICA,DELITO DE PELIGRO COMUN,279-G,"Fabricación, comercialización, uso o porte de armas"
164,CONTRA LA SEGURIDAD PUBLICA,DELITO DE PELIGRO COMUN,S/Art,DELITOS DE PELIGRO COMÚN 
165,CONTRA LA TRANQUILIDAD PUBLICA,CONTRA LA TRANQUILIDAD PUBLICA (Sin especificar delito subgenérico),S/Art,DELITOS CONTRA LA TRANQUILIDAD PUBLICA
166,CONTRA LA TRANQUILIDAD PUBLICA,DELITOS CONTRA LA PAZ PUBLICA,315,Disturbios
167,CONTRA LA TRANQUILIDAD PUBLICA,DELITOS CONTRA LA PAZ PUBLICA,316,Apología
168,CONTRA LA TRANQUILIDAD PUBLICA,DELITOS CONTRA LA PAZ PUBLICA,317,Organización Criminal
169,CONTRA LA TRANQUILIDAD PUBLICA,DELITOS CONTRA LA PAZ PUBLICA,318,Ofensas a la memoria de los muertos
170,CONTRA LA TRANQUILIDAD PUBLICA,DELITOS CONTRA LA PAZ PUBLICA,315-A,Delito de grave perturbación de la tranquilidad pública
171,CONTRA LA TRANQUILIDAD PUBLICA,DELITOS CONTRA LA PAZ PUBLICA,S/Art,DELITOS CONTRA LA PAZ PÚBLICA
172,CONTRA LA VIDA/EL CUERPO Y LA SALUD,ABORTO,114,Autoaborto
173,CONTRA LA VIDA/EL CUERPO Y LA SALUD,ABORTO,115,Aborto consentido
174,CONTRA LA VIDA/EL CUERPO Y LA SALUD,ABORTO,116,Aborto sin consentimiento
175,CONTRA LA VIDA/EL CUERPO Y LA SALUD,ABORTO,118,Aborto preterintencional
176,CONTRA LA VIDA/EL CUERPO Y LA SALUD,ABORTO,S/Art,ABORTO
177,CONTRA LA VIDA/EL CUERPO Y LA SALUD,CONTRA LA VIDA/EL CUERPO Y LA SALUD (Sin especificar delito subgenérico),S/Art,"DELITOS CONTRA LA VIDA, EL CUERPO Y  LA  SALUD"
178,CONTRA LA VIDA/EL CUERPO Y LA SALUD,EXPOSICION A PELIGRO O ABANDONO DE PERSONAS EN PELIGRO,125,Exposición o abandono peligrosos
179,CONTRA LA VIDA/EL CUERPO Y LA SALUD,EXPOSICION A PELIGRO O ABANDONO DE PERSONAS EN PELIGRO,126,Omisión de socorro y exposición a peligro
180,CONTRA LA VIDA/EL CUERPO Y LA SALUD,EXPOSICION A PELIGRO O ABANDONO DE PERSONAS EN PELIGRO,127,Omisión de auxilio o aviso a la autoridad
181,CONTRA LA VIDA/EL CUERPO Y LA SALUD,EXPOSICION A PELIGRO O ABANDONO DE PERSONAS EN PELIGRO,128,Exposición a peligro de persona dependiente
182,CONTRA LA VIDA/EL CUERPO Y LA SALUD,EXPOSICION A PELIGRO O ABANDONO DE PERSONAS EN PELIGRO,S/Art,EXPOSICIÓN A PELIGRO O ABANDONO DE PERSONAS EN PELIGRO
183,CONTRA LA VIDA/EL CUERPO Y LA SALUD,HOMICIDIO,106,Homicidio Simple
184,CONTRA LA VIDA/EL CUERPO Y LA SALUD,HOMICIDIO,107,Parricidio
185,CONTRA LA VIDA/EL CUERPO Y LA SALUD,HOMICIDIO,108,Homicidio calificado
186,CONTRA LA VIDA/EL CUERPO Y LA SALUD,HOMICIDIO,110,Infanticidio
187,CONTRA LA VIDA/EL CUERPO Y LA SALUD,HOMICIDIO,111,Homicidio Culposo
188,CONTRA LA VIDA/EL CUERPO Y LA SALUD,HOMICIDIO,113,Instigación o ayuda al suicidio
189,CONTRA LA VIDA/EL CUERPO Y LA SALUD,HOMICIDIO,108-B,Feminicidio
190,CONTRA LA VIDA/EL CUERPO Y LA SALUD,HOMICIDIO,S/Art,HOMICIDIO
191,CONTRA LA VIDA/EL CUERPO Y LA SALUD,LESIONES,121,Lesiones graves
192,CONTRA LA VIDA/EL CUERPO Y LA SALUD,LESIONES,122,Lesiones leves
193,CONTRA LA VIDA/EL CUERPO Y LA SALUD,LESIONES,123,Lesiones preterintencionales con resultado fortuito
194,CONTRA LA VIDA/EL CUERPO Y LA SALUD,LESIONES,124,Lesiones Culposas
195,CONTRA LA VIDA/EL CUERPO Y LA SALUD,LESIONES,121-A,"Formas agravadas. Lesiones graves - víctima menor de edad, adulto mayor o persona con discapadidad"
196,CONTRA LA VIDA/EL CUERPO Y LA SALUD,LESIONES,121-B,Lesiones graves por violencia contra las mujeres e integrantes del grupo familiar
197,CONTRA LA VIDA/EL CUERPO Y LA SALUD,LESIONES,122-A,Formas agravadas. Lesiones leves cuando la víctima es menor
198,CONTRA LA VIDA/EL CUERPO Y LA SALUD,LESIONES,122-B,Agresiones en contra de las mujeres o integrantes del grupo familiar
199,CONTRA LA VIDA/EL CUERPO Y LA SALUD,LESIONES,124-A,Daños al Concebido
200,CONTRA LA VIDA/EL CUERPO Y LA SALUD,LESIONES,S/Art,LESIONES
201,CONTRA LA VOLUNTAD POPULAR,DELITOS CONTRA EL DERECHO AL SUFRAGIO,354,Perturbación o impedimento de proceso electoral
202,CONTRA LA VOLUNTAD POPULAR,DELITOS CONTRA EL DERECHO AL SUFRAGIO,357,Suplantación de votante
203,CONTRA LA VOLUNTAD POPULAR,DELITOS CONTRA EL DERECHO AL SUFRAGIO,S/Art,DELITOS CONTRA EL DERECHO DE SUFRAGIO
204,CONTRA LOS DERECHOS INTELECTUALES,CONTRA LA PROPIEDAD INDUSTRIAL,223,Uso o venta no autorizada de diseño o modelo industrial
205,CONTRA LOS DERECHOS INTELECTUALES,CONTRA LA PROPIEDAD INDUSTRIAL,S/Art,DELITOS CONTRA LA PROPIEDAD INDUSTRIAL
206,CONTRA LOS DERECHOS INTELECTUALES,CONTRA LOS DERECHOS DE AUTOR Y CONEXOS,217,"Reproducción, difusión, distribución y circulación de la obra sin la autorización del autor"
207,CONTRA LOS DERECHOS INTELECTUALES,CONTRA LOS DERECHOS DE AUTOR Y CONEXOS,S/Art,DELITOS CONTRA LOS DERECHOS DE AUTOR Y CONEXOS
208,CONTRA LOS PODERES DEL ESTADO Y ORDEN CONSTITUCIONAL,"REBELION , SEDICION Y MOTIN",348,Motín
209,D.LEG 813. LEY PENAL TRIBUTARIA,DEFRAUDACION TRIBUTARIA,5-B,Defraudación tributaria (D.L. 813)
210,D.LEG. 1106 LAVADO DE ACTIVOS,LAVADO DE ACTIVOS,S/Art,LAVADO DE ACTIVOS (D.L. 1106)
211,DELITOS ADUANEROS (LEY 28008),CONTRABANDO (D.ADUAN.),2,Modalidades de contrabando
212,DELITOS ADUANEROS (LEY 28008),DEFRAUDACIÓN DE RENTAS DE ADUANA,5,Modalidades de defraudación de rentas de aduana
213,DELITOS ADUANEROS (LEY 28008),TENTATIVA,9,Tentativa de los delitos aduaneros
214,DELITOS AMBIENTALES,DELITOS CONTRA LOS RECURSOS NATURALES,308,Tráfico ilegal de especies de flora y fauna silvestre
215,DELITOS AMBIENTALES,DELITOS CONTRA LOS RECURSOS NATURALES,310,Delitos contra los bosques o formaciones boscosas
216,DELITOS AMBIENTALES,DELITOS CONTRA LOS RECURSOS NATURALES,313,Alteración del ambiente o paisaje
217,DELITOS AMBIENTALES,DELITOS CONTRA LOS RECURSOS NATURALES,308-B,Extracción ilegal de especies acuáticas
218,DELITOS AMBIENTALES,DELITOS CONTRA LOS RECURSOS NATURALES,308-C,Depredación de flora y fauna silvestre
219,DELITOS AMBIENTALES,DELITOS CONTRA LOS RECURSOS NATURALES,310-A,Tráfico ilegal de productos forestales maderables
220,DELITOS AMBIENTALES,DELITOS CONTRA LOS RECURSOS NATURALES,310-B,Obstrucción de procedimiento
221,DELITOS AMBIENTALES,DELITOS CONTRA LOS RECURSOS NATURALES,310-C,"Formas agravadas (Art. 310, 310-A, 310-B)"
222,DELITOS AMBIENTALES,DELITOS DE CONTAMINACION,304,Contaminación del ambiente
223,DELITOS AMBIENTALES,DELITOS DE CONTAMINACION,306,Incumplimiento de las normas relativas al manejo de residuos sólidos
224,DELITOS AMBIENTALES,DELITOS DE CONTAMINACION,307,Tráfico ilegal de residuos peligrosos
225,DELITOS AMBIENTALES,DELITOS DE CONTAMINACION,307-A,Delito de minería ilegal
226,DELITOS AMBIENTALES,DELITOS DE CONTAMINACION,307-B,Formas agravadas (minería ilegal)
227,DELITOS AMBIENTALES,DELITOS DE CONTAMINACION,S/Art,DELITOS DE CONTAMINACIÓN
228,DELITOS AMBIENTALES,RESPONSABILIDAD FUNCIONAL E INFORMACIÓN FALSA,314,Responsabilidad de funcionario público por otorgamiento ilegal de derechos
229,DELITOS AMBIENTALES,RESPONSABILIDAD FUNCIONAL E INFORMACIÓN FALSA,314-B,Responsabilidad por información falsa contenida en informes
230,DELITOS TRIBUTARIOS,ELABORAC. Y COMERC. CLANDEST. DE PRODUCTOS,272,Comercio Clandestino
231,"LEY 26859, LEY ORGANICA DE ELECCIONES",DELITOS CONTRA EL DERECHO AL SUFRAGIO,LEY26859,"Ley 26859, Ley Orgánica de Elecciones"
232,"LEY Nº 30096, LEY DE DELITOS INFORMATICOS",DELITOS CONTRA DATOS Y SISTEMAS INFORMATICOS,2,Acceso Ilícito
233,"LEY Nº 30096, LEY DE DELITOS INFORMATICOS",DELITOS CONTRA DATOS Y SISTEMAS INFORMATICOS,3,Atentado contra la integridad de datos informáticos
234,"LEY Nº 30096, LEY DE DELITOS INFORMATICOS",DELITOS CONTRA DATOS Y SISTEMAS INFORMATICOS,4,Atentado contra la integridad de sistemas informáticos
235,"LEY Nº 30096, LEY DE DELITOS INFORMATICOS",DELITOS CONTRA DATOS Y SISTEMAS INFORMATICOS,S/Art,DELITOS CONTRA DATOS Y SISTEMAS INFORMATICOS
236,"LEY Nº 30096, LEY DE DELITOS INFORMATICOS",DELITOS INFORMATICOS CONTRA EL PATRIMONIO,8,Fraude informático
237,"LEY Nº 30096, LEY DE DELITOS INFORMATICOS",DELITOS INFORMATICOS CONTRA EL PATRIMONIO,S/Art,DELITOS INFORMÁTICOS CONTRA EL PATRIMONIO
238,"LEY Nº 30096, LEY DE DELITOS INFORMATICOS","LEY Nº 30096, LEY DE DELITOS INFORMATICOS (Sin especificar delito subgenérico)",S/Art,"LEY Nº 30096, LEY DE DELITOS INFORMATICOS"
239,CONTRA EL ESTADO Y LA DEFENSA NACIONAL,ATENTADOS CONTRA SEGURIDAD NACIONAL Y TRAICIÓN A LA PATRIA,326,Participación en grupo armado dirigido por extranjero
240,CONTRA EL ESTADO Y LA DEFENSA NACIONAL,ATENTADOS CONTRA SEGURIDAD NACIONAL Y TRAICIÓN A LA PATRIA,328,Formas agravadas 
241,CONTRA EL ESTADO Y LA DEFENSA NACIONAL,CONTRA SIMBOLOS Y VALORES DE LA PATRIA,344,"Ultraje a Símbolos, próceres o héroes de la Patria"
242,CONTRA EL ESTADO Y LA DEFENSA NACIONAL,DELITOS QUE COMPROMETEN LAS RELACIONES EXTERIORES DEL ESTADO,337,Violación de la soberanía extranjera
243,CONTRA EL ORDEN ECONOMICO,DE OTROS DELITOS ECONOMICOS,S/Art,DE OTROS DELITOS ECONÓMICOS
244,CONTRA EL ORDEN ECONOMICO,DESEMPEÑO DE ACTIVIDADES NO AUTORIZADAS,243-C,Funcionamiento ilegal de juegos de casino y máquinas tragamonedas
245,CONTRA EL ORDEN FINANCIERO Y MONETARIO,DELITOS FINANCIEROS,247,Financiamiento por medio de información fraudulenta
246,CONTRA EL ORDEN FINANCIERO Y MONETARIO,DELITOS FINANCIEROS,S/Art,DELITOS FINANCIEROS
247,CONTRA EL ORDEN FINANCIERO Y MONETARIO,DELITOS MONETARIOS,252,Fabricación y falsificación de moneda de curso legal
248,CONTRA EL PATRIMONIO,DELITOS INFORMATICOS,207-A,Delito Informático - derogado
249,CONTRA EL PATRIMONIO,DELITOS INFORMATICOS,S/Art,DELITOS INFORMATICOS - derogado
250,CONTRA EL PATRIMONIO,FRAUDE EN LA ADMINISTR. DE PERS. JURID.,198,Administración fraudulenta
251,CONTRA EL PATRIMONIO,FRAUDE EN LA ADMINISTR. DE PERS. JURID.,S/Art,FRAUDE EN LA ADMINISTRACIÓN DE PERSONAS JURÍDICAS
252,CONTRA EL PATRIMONIO,HURTO,187,Hurto de uso
253,CONTRA EL PATRIMONIO,HURTO,186-A,Dispositivos para asistir a la decodificación de señales de satélite portadoras de programas
254,CONTRA LA ADMINISTRACION PUBLICA,DELITOS COMETIDOS POR FUNCIONARIOS PUBLICOS,378,Denegación o deficiente apoyo policial (abuso de autoridad)
255,CONTRA LA ADMINISTRACION PUBLICA,DELITOS COMETIDOS POR FUNCIONARIOS PUBLICOS,380,Abandono de cargo (abuso de autoridad)
256,CONTRA LA ADMINISTRACION PUBLICA,DELITOS COMETIDOS POR FUNCIONARIOS PUBLICOS,395,Cohecho pasivo específico (corrupción de funcionarios)
257,CONTRA LA ADMINISTRACION PUBLICA,DELITOS COMETIDOS POR PARTICULARES,364,Participación en ejercicio ilegal de la profesión 
258,CONTRA LA ADMINISTRACION PUBLICA,DELITOS COMETIDOS POR PARTICULARES,365,Violencia contra la autoridad para obligarle a algo
259,CONTRA LA ADMINISTRACION PUBLICA,DELITOS COMETIDOS POR PARTICULARES,370,Atentado contra la conservación e identidad de objeto
260,CONTRA LA ADMINISTRACION PUBLICA,DELITOS COMETIDOS POR PARTICULARES,374,Desacato
261,CONTRA LA ADMINISTRACION PUBLICA,DELITOS COMETIDOS POR PARTICULARES,375,Perturbación del orden en el lugar donde la autoridad ejerce su función (Desacato)
262,CONTRA LA ADMINISTRACION PUBLICA,DELITOS COMETIDOS POR PARTICULARES,368-D,"Posesión indebida de teléfonos celulares o, armas, municiones o materiales explosivos, inflamables, asfixiantes o tóxicos en establecimientos penitenciarios"
263,CONTRA LA ADMINISTRACION PUBLICA,DELITOS COMETIDOS POR PARTICULARES,S/Art,VIOLENCIA Y RESISTENCIA A LA AUTORIDAD
264,CONTRA LA ADMINISTRACION PUBLICA,DELITOS CONTRA LA ADMINISTRACION DE JUSTICIA,403,Ocultamiento de menor a las investigaciones
265,CONTRA LA ADMINISTRACION PUBLICA,DELITOS CONTRA LA ADMINISTRACION DE JUSTICIA,410,Avocamiento ilegal de proceso en trámite
266,CONTRA LA ADMINISTRACION PUBLICA,DELITOS CONTRA LA ADMINISTRACION DE JUSTICIA,412,Expedición de prueba o informe falso en proceso judicial
267,CONTRA LA ADMINISTRACION PUBLICA,DELITOS CONTRA LA ADMINISTRACION DE JUSTICIA,418,Prevaricato
268,CONTRA LA CONF.Y.LA.BUEN.FE.EN.NEGOCIOS,ATENTADOS CONTRA EL SISTEMA CREDITICIO,209,Actos Ilícitos
269,CONTRA LA CONF.Y.LA.BUEN.FE.EN.NEGOCIOS,LIBRAMIENTO Y COBRO INDEBIDO,215,Modalidades de libramientos indebidos
270,CONTRA LA FAMILIA,CONTRA EL ESTADO CIVIL,145,Alteración o supresión de la filiación de menor
271,CONTRA LA FAMILIA,MATRIMONIOS ILEGALES,141,Autorización ilegal de matrimonio
272,CONTRA LA FE PUBLICA,FALSIFICACION DE DOCUMENTOS EN GENERAL,429,Omisión de consignar declaraciones en documentos
273,CONTRA LA FE PUBLICA,"FALSIFICACION DE SELLOS, TIMBRES Y MARCAS OFICIALES",435,Fabricación fraudulenta o falsificación de marcas o contraseñas oficiales
274,CONTRA LA FE PUBLICA,"FALSIFICACION DE SELLOS, TIMBRES Y MARCAS OFICIALES",436,Inhabilitación
275,CONTRA LA FE PUBLICA,"FALSIFICACION DE SELLOS, TIMBRES Y MARCAS OFICIALES",S/Art,"FALSIFICACIÓN DE SELLOS, TIMBRES Y MARCAS OFICIALES"
276,CONTRA LA LIBERTAD,OFENSAS AL PUDOR PUBLICO,S/Art,OFENSAS AL PUDOR PUBLICO
277,CONTRA LA LIBERTAD,PROXENETISMO,179-A,Cliente del adolescente
278,CONTRA LA LIBERTAD,VIOLACION DE DOMICILIO,160,Allanamiento ilegal de domicilio
279,CONTRA LA LIBERTAD,VIOLACION DE LA INTIMIDAD,157,Uso indebido de archivos computarizados
280,CONTRA LA LIBERTAD,VIOLACION DE LA LIBERTAD DE EXPRESION,169,Violación de la libertad de expresión
281,CONTRA LA LIBERTAD,VIOLACION DE LA LIBERTAD DE TRABAJO,168-A,Atentado contra las condiciones de seguridad y salud en el trabajo
282,CONTRA LA LIBERTAD,VIOLACION DE LA LIBERTAD DE TRABAJO,168-B,Trabajo forzoso
283,CONTRA LA LIBERTAD,VIOLACION DE LA LIBERTAD DE TRABAJO,S/Art,VIOLACIÓN DE LA LIBERTAD DE TRABAJO
284,CONTRA LA LIBERTAD,VIOLACION DE LA LIBERTAD SEXUAL,177,Formas agravadas
285,CONTRA LA LIBERTAD,VIOLACION DEL SECRETO DE LAS COMUNICAC.,162,Interferencia telefónica
286,CONTRA LA SEGURIDAD PUBLICA,"CONTRA LA SALUD PUBLICA (CONTAMINACION Y PROPAGACION, TRAFICO ILICITO DE DROGAS)",287,Contaminación o adulteración de alimentos o bebidas y alteración de la fecha de vencimiento
287,CONTRA LA SEGURIDAD PUBLICA,"CONTRA LA SALUD PUBLICA (CONTAMINACION Y PROPAGACION, TRAFICO ILICITO DE DROGAS)",297,Formas agravadas
288,CONTRA LA SEGURIDAD PUBLICA,"CONTRA LA SALUD PUBLICA (CONTAMINACION Y PROPAGACION, TRAFICO ILICITO DE DROGAS)",288-B,Uso de productos tóxicos o peligrosos
289,CONTRA LA SEGURIDAD PUBLICA,"CONTRA LA SALUD PUBLICA (CONTAMINACION Y PROPAGACION, TRAFICO ILICITO DE DROGAS)",296-B,Tráfico Ilícito de Insumos Químicos y Productos Fiscalizados.
290,CONTRA LA SEGURIDAD PUBLICA,"CONTRA LOS MEDIOS DE TRANSP., COMUNIC. Y OTROS SERV. PÚBLICOS",281,Atentado contra la seguridad común
291,CONTRA LA SEGURIDAD PUBLICA,"CONTRA LOS MEDIOS DE TRANSP., COMUNIC. Y OTROS SERV. PÚBLICOS",285,Sustitución o impedimento de funciones en medio de transporte
292,CONTRA LA SEGURIDAD PUBLICA,"CONTRA LOS MEDIOS DE TRANSP., COMUNIC. Y OTROS SERV. PÚBLICOS",S/Art,"DELITOS CONTRA LOS MEDIOS DE TRANSPORTE, COMUNICACIÓN Y OTROS SERVICIOS PÚBLICOS"
293,CONTRA LA SEGURIDAD PUBLICA,DELITO DE PELIGRO COMUN,275,Formas agravadas
294,CONTRA LA SEGURIDAD PUBLICA,DELITO DE PELIGRO COMUN,277,Daños de obras para la defensa común
295,CONTRA LA SEGURIDAD PUBLICA,DELITO DE PELIGRO COMUN,278,Formas culposas
296,CONTRA LA TRANQUILIDAD PUBLICA,DECRETO LEY 25475 (TERRORISMO),7,Apología
297,CONTRA LA TRANQUILIDAD PUBLICA,DELITOS CONTRA LA PAZ PUBLICA,317-A,Marcaje o reglaje
298,CONTRA LA TRANQUILIDAD PUBLICA,DELITOS CONTRA LA PAZ PUBLICA,317-B,Banda Criminal
299,CONTRA LA VIDA/EL CUERPO Y LA SALUD,EXPOSICION A PELIGRO O ABANDONO DE PERSONAS EN PELIGRO,129,Formas agravadas (Art. 125 y 128)
300,CONTRA LA VOLUNTAD POPULAR,DELITOS CONTRA EL DERECHO AL SUFRAGIO,355,Impedimento del ejercicio de derecho de sufragio
301,CONTRA LA VOLUNTAD POPULAR,DELITOS CONTRA EL DERECHO AL SUFRAGIO,359,Atentados contra el derecho de sufragio
302,D.LEG 813. LEY PENAL TRIBUTARIA,DEFRAUDACION TRIBUTARIA,5-C,Defraudación tributaria (D.L. 813)
303,D.LEG. 1106 LAVADO DE ACTIVOS,LAVADO DE ACTIVOS,1,Actos de conversión y transferencia
304,D.LEG. 1106 LAVADO DE ACTIVOS,LAVADO DE ACTIVOS,2,Actos de ocultamiento y tenencia
305,DELITOS ADUANEROS (LEY 28008),CONTRABANDO (D.ADUAN.),S/Art,CONTRABANDO
306,DELITOS ADUANEROS (LEY 28008),RECEPTACIÓN ADUANERA,6,Receptación aduanera
307,DELITOS AMBIENTALES,DELITOS AMBIENTALES (Sin especificar delito subgenérico),S/Art,DELITOS AMBIENTALES
308,DELITOS AMBIENTALES,DELITOS CONTRA LOS RECURSOS NATURALES,309,"Formas agravadas (art. 308, 308-A,308-B y 308-C)"
309,DELITOS AMBIENTALES,DELITOS CONTRA LOS RECURSOS NATURALES,S/Art,DELITOS CONTRA LOS RECURSOS NATURALES
310,DELITOS AMBIENTALES,DELITOS DE CONTAMINACION,307-D,Delito de obstaculización de la fiscalización administrativa (minería ilegal)
311,DELITOS AMBIENTALES,DELITOS DE CONTAMINACION,307-E,Tráfico ilícito de insumos químicos y maquinarias destinados a minería ilegal
312,"LEY Nº 30096, LEY DE DELITOS INFORMATICOS",DELITOS INFORMATICOS CONTRA LA FE PUBLICA,9,Suplantación de identidad
313,"LEY Nº 30096, LEY DE DELITOS INFORMATICOS",DELITOS INFORMATICOS CONTRA LA FE PUBLICA,S/Art,DELITOS INFORMÁTICOS CONTRA LA FE PUBLICA
314,"LEY Nº 30096, LEY DE DELITOS INFORMATICOS",DELITOS INFORMATICOS CONTRA LA INDEMNIDAD Y LIBERTAD SEXUALES,5,"Proposiciones a niños, niñas y adolescentes con fines sexuales por medios tecnológicos"
315,"LEY Nº 30096, LEY DE DELITOS INFORMATICOS",DELITOS INFORMATICOS CONTRA LA INTIMIDAD Y EL SECRETO DE LAS COMUNICACIONES,S/Art,DELITOS INFORMÁTICOS CONTRA LA INTIMIDAD Y EL SECRETO DE LAS COMUNICACIONES
316,"LEY Nº 30096, LEY DE DELITOS INFORMATICOS",DISPOSICIONES COMUNES,11,Agravantes
317,NO TIPIFICADOS,NO TIPIFICADOS,S/N,NO TIPIFICADOS
318,TENTATIVA,TENTATIVA,S/N,TENTATIVA
319,CONTRA EL ORDEN ECONOMICO,"ACAPARAMIENTO, ESPECULACION, ADULTERACION",235,Adulteración
320,CONTRA EL ORDEN FINANCIERO Y MONETARIO,DELITOS MONETARIOS,253,Alteración de la moneda de curso legal
321,CONTRA EL PATRIMONIO,DAÑOS,207,Producción o venta de alimentos en mal estado para los animales
322,CONTRA LA ADMINISTRACION PUBLICA,DELITOS COMETIDOS POR FUNCIONARIOS PUBLICOS,382,Concusión
323,CONTRA LA ADMINISTRACION PUBLICA,DELITOS COMETIDOS POR FUNCIONARIOS PUBLICOS,392,Extensión del tipo (peculado)
324,CONTRA LA ADMINISTRACION PUBLICA,DELITOS COMETIDOS POR FUNCIONARIOS PUBLICOS,401,Enriquecimiento ilícito (corrupción de funcionarios)
325,CONTRA LA ADMINISTRACION PUBLICA,DELITOS CONTRA LA ADMINISTRACION DE JUSTICIA,421,Patrocinio indebido de abogado o mandatario judicial (prevaricato)
326,CONTRA LA FAMILIA,CONTRA EL ESTADO CIVIL,143,Alteración o supresión del estado civil
327,CONTRA LA FAMILIA,MATRIMONIOS ILEGALES,140,Matrimonio con persona casada
328,CONTRA LA FAMILIA,MATRIMONIOS ILEGALES,S/Art,MATRIMONIOS ILEGALES
329,CONTRA LA HUMANIDAD,TORTURA,321,Tortura.
330,CONTRA LA HUMANIDAD,TORTURA,S/Art,TORTURA
331,CONTRA LA LIBERTAD,VIOLACION DE LA INTIMIDAD,155,Agravante por razón de la función
332,CONTRA LA LIBERTAD,VIOLACION DE LA LIBERTAD SEXUAL,174,Violación de persona bajo autoridad o vigilancia
333,CONTRA LA SEGURIDAD PUBLICA,"CONTRA LA SALUD PUBLICA (CONTAMINACION Y PROPAGACION, TRAFICO ILICITO DE DROGAS)",289,Propagación de enfermedad peligrosa o contagiosa
334,CONTRA LA SEGURIDAD PUBLICA,"CONTRA LA SALUD PUBLICA (CONTAMINACION Y PROPAGACION, TRAFICO ILICITO DE DROGAS)",294-A,"Falsificación, contaminación o adulteración de productos farmacéuticos, dispositivos médicos o productos sanitarios"
335,CONTRA LA SEGURIDAD PUBLICA,"CONTRA LOS MEDIOS DE TRANSP., COMUNIC. Y OTROS SERV. PÚBLICOS",280,Atentado contra los medios de transporte colectivo o de comunicación
336,CONTRA LA TRANQUILIDAD PUBLICA,DECRETO LEY 25475 (TERRORISMO),S/Art,DECRETO LEY 25475 (TERRORISMO)
337,CONTRA LA VIDA/EL CUERPO Y LA SALUD,ABORTO,117,Agravación de la pena por la calidad del sujeto
338,CONTRA LA VIDA/EL CUERPO Y LA SALUD,HOMICIDIO,112,Homicidio piadoso
339,CONTRA LA VOLUNTAD POPULAR,DELITOS CONTRA LA VOLUNTAD POPULAR (Sin especificar delito subgenérico),S/Art,DELITOS CONTRA LA VOLUNTAD POPULAR
340,CONTRA LOS DERECHOS INTELECTUALES,CONTRA LA PROPIEDAD INDUSTRIAL,222,Fabricación o uso no autorizado de patente
341,D.LEG. 1106 LAVADO DE ACTIVOS,LAVADO DE ACTIVOS,3,"Transporte, traslado, ingreso o salida por territorio nacional de dinero o títulos valores de origen ilícito"
342,DELITOS AMBIENTALES,DELITOS CONTRA LOS RECURSOS NATURALES,311,Utilización indebida de tierras agrícolas
343,DELITOS AMBIENTALES,DELITOS DE CONTAMINACION,305,Formas agravadas
344,DELITOS AMBIENTALES,DELITOS DE CONTAMINACION,307-C,Delito de financiamiento de la minería ilegal
345,DELITOS AMBIENTALES,RESPONSABILIDAD FUNCIONAL E INFORMACIÓN FALSA,314-A,Responsabilidad de los representantes legales de las personas jurídicas
346,"LEY Nº 30096, LEY DE DELITOS INFORMATICOS",DELITOS INFORMATICOS CONTRA LA INTIMIDAD Y EL SECRETO DE LAS COMUNICACIONES,7,Interceptación de datos informáticos
347,CONTRA EL ESTADO Y LA DEFENSA NACIONAL,ATENTADOS CONTRA SEGURIDAD NACIONAL Y TRAICIÓN A LA PATRIA,329,Inteligencia desleal con Estado extranjero
348,CONTRA EL ESTADO Y LA DEFENSA NACIONAL,ATENTADOS CONTRA SEGURIDAD NACIONAL Y TRAICIÓN A LA PATRIA,330,Revelación de secretos nacionales
349,CONTRA EL ESTADO Y LA DEFENSA NACIONAL,DELITOS QUE COMPROMETEN LAS RELACIONES EXTERIORES DEL ESTADO,336,Atentado contra persona que goza de protección internacional
350,CONTRA EL ORDEN ECONOMICO,CONTRA EL ORDEN ECONOMICO (Sin especificar delito subgenérico),S/Art,DELITOS CONTRA EL ORDEN ECONÓMICO
351,CONTRA EL ORDEN ECONOMICO,VENTA ILICITA DE MERCADERIAS,S/Art,VENTA ILÍCITA DE MERCADERÍAS
352,CONTRA EL ORDEN FINANCIERO Y MONETARIO,DELITOS FINANCIEROS,246,Instituciones financieras ilegales
353,CONTRA EL ORDEN FINANCIERO Y MONETARIO,DELITOS FINANCIEROS,248,Condicionamiento de créditos
354,CONTRA EL ORDEN FINANCIERO Y MONETARIO,DELITOS FINANCIEROS,249,Pánico Financiero
355,CONTRA EL ORDEN FINANCIERO Y MONETARIO,DELITOS FINANCIEROS,250,Omisión de las provisiones específicas
356,CONTRA EL ORDEN FINANCIERO Y MONETARIO,DELITOS FINANCIEROS,251,Desvío fraudulento de crédito promocional
357,CONTRA EL PATRIMONIO,FRAUDE EN LA ADMINISTR. DE PERS. JURID.,199,Contabilidad paralela
358,CONTRA EL PATRIMONIO CULTURAL,CONTRA EL PATRIMONIO CULTURAL (Sin especificar delito subgenérico),S/Art,DELITOS CONTRA EL PATRIMONIO CULTURAL
359,CONTRA EL PATRIMONIO CULTURAL,CONTRA LOS BIENES CULTURALES,S/Art,DELITOS CONTRA LOS BIENES CULTURALES
360,CONTRA LA ADMINISTRACION PUBLICA,DELITOS COMETIDOS POR FUNCIONARIOS PUBLICOS,398,Cohecho activo específico (corrupción de funcionarios)
361,CONTRA LA ADMINISTRACION PUBLICA,DELITOS COMETIDOS POR FUNCIONARIOS PUBLICOS,376-B,Otorgamiento ilegítimo de derechos sobre inmuebles (abuso de autoridad)
362,CONTRA LA ADMINISTRACION PUBLICA,DELITOS COMETIDOS POR FUNCIONARIOS PUBLICOS,395-A,Cohecho pasivo propio en el ejercicio de la función policial (corrupción de funcionarios)
363,CONTRA LA ADMINISTRACION PUBLICA,DELITOS COMETIDOS POR PARTICULARES,373,Sustracción de objetos requisados por autoridad
364,CONTRA LA ADMINISTRACION PUBLICA,DELITOS CONTRA LA ADMINISTRACION DE JUSTICIA,413,Evasión mediante violencia o amenaza
365,CONTRA LA ADMINISTRACION PUBLICA,DELITOS CONTRA LA ADMINISTRACION DE JUSTICIA,414,Favorecimiento a la fuga
366,CONTRA LA ADMINISTRACION PUBLICA,DELITOS CONTRA LA ADMINISTRACION DE JUSTICIA,422,Negativa a administrar justicia
367,CONTRA LA ADMINISTRACION PUBLICA,DELITOS CONTRA LA ADMINISTRACION DE JUSTICIA,424,Omisión de ejercicio de la acción penal
368,CONTRA LA ADMINISTRACION PUBLICA,DELITOS CONTRA LA ADMINISTRACION DE JUSTICIA,425,Funcionario o servidor público (disposiciones comunes)
369,CONTRA LA ADMINISTRACION PUBLICA,DELITOS CONTRA LA ADMINISTRACION DE JUSTICIA,409-B,Revelación indebida de identidad
370,CONTRA LA CONF.Y.LA.BUEN.FE.EN.NEGOCIOS,ATENTADOS CONTRA EL SISTEMA CREDITICIO,211,Suspensión ilícita de la exigibilidad de las obligaciones del deudor
371,CONTRA LA CONF.Y.LA.BUEN.FE.EN.NEGOCIOS,ATENTADOS CONTRA EL SISTEMA CREDITICIO,S/Art,ATENTADOS CONTRA EL SISTEMA CREDITICIO
372,CONTRA LA CONF.Y.LA.BUEN.FE.EN.NEGOCIOS,CONTRA LA CONF.Y.LA.BUEN.FE.EN.NEGOCIOS (Sin especificar delito subgenérico),S/Art,DELITOS CONTRA LA CONFIANZA Y LA BUENA FE EN LOS NEGOCIOS
373,CONTRA LA FE PUBLICA,DISPOSICIONES COMUNES,S/Art,DISPOSICIONES COMUNES
374,CONTRA LA LIBERTAD,OFENSAS AL PUDOR PUBLICO,182-A,"Publicación en los medios de comunicación sobre delitos de libertad sexual contra niñas, niños y adolescente"
375,CONTRA LA LIBERTAD,PROXENETISMO,S/Art,PROXENETISMO
376,CONTRA LA LIBERTAD,VIOLACION DEL SECRETO DE LAS COMUNICAC.,161,Violación de correspondencia
377,CONTRA LA LIBERTAD,VIOLACION DEL SECRETO DE LAS COMUNICAC.,162-B,"Interferencia de comunicaciones electrónicas, de mensajería instantánea y similares"
378,CONTRA LA SEGURIDAD PUBLICA,"CONTRA LA SALUD PUBLICA (CONTAMINACION Y PROPAGACION, TRAFICO ILICITO DE DROGAS)",288-C,Producción o comercialización de bebidas alcohólicas ilegales
379,CONTRA LA SEGURIDAD PUBLICA,DELITO DE PELIGRO COMUN,276,Estragos especiales
380,CONTRA LA TRANQUILIDAD PUBLICA,DECRETO LEY 25475 (TERRORISMO),8,Obstaculización de acción de la justicia
381,CONTRA LA VIDA/EL CUERPO Y LA SALUD,HOMICIDIO,108-C,Sicariato
382,CONTRA LA VOLUNTAD POPULAR,DELITOS CONTRA EL DERECHO AL SUFRAGIO,358,Publicidad ilegal del sentido del voto
383,CONTRA LOS DERECHOS INTELECTUALES,CONTRA LOS DERECHOS DE AUTOR Y CONEXOS,216,Copia o reproducción no autorizada
384,CONTRA LOS DERECHOS INTELECTUALES,CONTRA LOS DERECHOS DE AUTOR Y CONEXOS,219,Plagio
385,CONTRA LOS DERECHOS INTELECTUALES,CONTRA LOS DERECHOS INTELECTUALES (Sin especificar delito subgenérico),S/Art,DELITOS  CONTRA  LOS DERECHOS  INTELECTUALES
386,D.LEG 813. LEY PENAL TRIBUTARIA,D.LEG 813. LEY PENAL TRIBUTARIA (Sin especificar delito subgenérico),S/Art,D.LEG 813. LEY PENAL TRIBUTARIA
387,D.LEG 813. LEY PENAL TRIBUTARIA,DEFRAUDACION TRIBUTARIA,2,Defraudación tributaria (D.L. 813)
388,D.LEG 813. LEY PENAL TRIBUTARIA,DEFRAUDACION TRIBUTARIA,S/Art,DEFRAUDACION TRIBUTARIA (D.L. 813)
389,DELITOS ADUANEROS (LEY 28008),CONTRABANDO (D.ADUAN.),1,Contrabando.
390,DELITOS ADUANEROS (LEY 28008),DELITOS ADUANEROS (LEY 28008) (Sin especificar delito subgenérico),S/Art,DELITOS ADUANEROS (LEY 28008)
391,DELITOS AMBIENTALES,DELITOS CONTRA LOS RECURSOS NATURALES,308-A,Tráfico ilegal de especies acuáticas de la flora y fauna silvestre
392,"LEY Nº 30096, LEY DE DELITOS INFORMATICOS",DELITOS INFORMATICOS CONTRA LA INDEMNIDAD Y LIBERTAD SEXUALES,S/Art,DELITOS INFORMÁTICOS CONTRA LA INDEMNIDAD Y LIBERTAD SEXUALES
393,"LEY Nº 30096, LEY DE DELITOS INFORMATICOS",DELITOS INFORMATICOS CONTRA LA INTIMIDAD Y EL SECRETO DE LAS COMUNICACIONES,6,Tráfico ilegal de datos
394,CONTRA EL ORDEN ECONOMICO,DESEMPEÑO DE ACTIVIDADES NO AUTORIZADAS,S/Art,DESEMPEÑO DE ACTIVIDADES NO AUTORIZADAS
395,CONTRA EL ORDEN ECONOMICO,VENTA ILICITA DE MERCADERIAS,237,Venta ilegal de mercaderías
396,CONTRA EL PATRIMONIO CULTURAL,CONTRA LOS BIENES CULTURALES,228,Extracción ilegal de bienes culturales
397,CONTRA EL PATRIMONIO CULTURAL,CONTRA LOS BIENES CULTURALES,229,Omisión de deberes de funcionarios públicos
398,CONTRA LA ADMINISTRACION PUBLICA,DELITOS COMETIDOS POR FUNCIONARIOS PUBLICOS,396,Corrupción pasiva de auxiliares jurisdiccionales (corrupción de funcionarios)
399,CONTRA LA ADMINISTRACION PUBLICA,DELITOS COMETIDOS POR FUNCIONARIOS PUBLICOS,376-A,Abuso de autoridad condicionando ilegalmente la entrega de bienes y servicios
400,CONTRA LA FAMILIA,CONTRA EL ESTADO CIVIL,144,Fingimiento de embarazo o parto
401,CONTRA LA FE PUBLICA,DISPOSICIONES COMUNES,439,Fabricación o tenencia de instrumentos para falsificar (disposiciones comunes)
402,CONTRA LA SEGURIDAD PUBLICA,"CONTRA LOS MEDIOS DE TRANSP., COMUNIC. Y OTROS SERV. PÚBLICOS",282,Forma culposa
403,CONTRA LA SEGURIDAD PUBLICA,DELITO DE PELIGRO COMUN,279-B,Sustracción o arrebato de armas de fuego
404,CONTRA LA TRANQUILIDAD PUBLICA,DECRETO LEY 25475 (TERRORISMO),3,Penas aplicables
405,CONTRA LA VIDA/EL CUERPO Y LA SALUD,ABORTO,120,Aborto sentimental y eugenésico
406,CONTRA LA VOLUNTAD POPULAR,DELITOS CONTRA EL DERECHO AL SUFRAGIO,356,Inducción a no votar o hacerlo en sentido determinado
407,D.LEG. 1106 LAVADO DE ACTIVOS,LAVADO DE ACTIVOS,4,Circunstancias agravantes y atenuantes
408,DELITOS ADUANEROS (LEY 28008),TRÁFICO DE MERCANCÍAS PROHIBIDAS Y RESTRINGIDAS,8,Tráfico de mercancías prohibidas o restringidas
409,CONTRA EL HONOR,"INJURIA,CALUMNIA Y DIFAMACION",136,Difamación o injuria encubierta o equívoca
410,CONTRA EL ORDEN ECONOMICO,DE OTROS DELITOS ECONOMICOS,243,Subvaluación de mercaderías adquiridas con tipo de cambio preferencial
411,CONTRA EL ORDEN FINANCIERO Y MONETARIO,DELITOS FINANCIEROS,251-A,Uso indebido de información privilegiada-Formas agravadas
412,CONTRA LA ADMINISTRACION PUBLICA,DELITOS COMETIDOS POR PARTICULARES,368-E,"Ingreso indebido de armas, municiones o materiales explosivos, inflamables, asfixiantes o tóxicos en establecimientos penitenciarios"
413,CONTRA LA LIBERTAD,VIOLACION DE LA INTIMIDAD,156,Revelación de la intimidad personal y familiar
414,CONTRA LA LIBERTAD,VIOLACION DE LA INTIMIDAD,154-A,Tráfico ilegal de datos personales
415,CONTRA LA SEGURIDAD PUBLICA,"CONTRA LA SALUD PUBLICA (CONTAMINACION Y PROPAGACION, TRAFICO ILICITO DE DROGAS)",293,Venta de animales de consumo peligroso
416,CONTRA LA SEGURIDAD PUBLICA,"CONTRA LA SALUD PUBLICA (CONTAMINACION Y PROPAGACION, TRAFICO ILICITO DE DROGAS)",295,Formas culposas
417,CONTRA LOS DERECHOS INTELECTUALES,CONTRA LA PROPIEDAD INDUSTRIAL,222-A,Penalización de la clonación o adulteración de terminales de telecomunicaciones
418,CONTRA LOS DERECHOS INTELECTUALES,CONTRA LOS DERECHOS DE AUTOR Y CONEXOS,218,Formas agravadas
419,CONTRA LOS DERECHOS INTELECTUALES,CONTRA LOS DERECHOS DE AUTOR Y CONEXOS,220,Formas agravadas
420,CONTRA EL ORDEN FINANCIERO Y MONETARIO,DELITOS MONETARIOS,258,Emisión ilegal de billetes y otros
421,CONTRA LA LIBERTAD,VIOLACION DE LA LIBERTAD PERSONAL,153-C,Esclavitud y otras formas de explotación
422,CONTRA LA LIBERTAD,VIOLACION DEL SECRETO PROFESIONAL,165,Violación del secreto profesional
423,CONTRA LA SEGURIDAD PUBLICA,CONTRA EL ORDEN MIGRATORIO,303-A,Tráfico ilícito de migrantes
424,CONTRA LA SEGURIDAD PUBLICA,"CONTRA LA SALUD PUBLICA (CONTAMINACION Y PROPAGACION, TRAFICO ILICITO DE DROGAS)",299,Posesión no punible
425,CONTRA LA SEGURIDAD PUBLICA,"CONTRA LA SALUD PUBLICA (CONTAMINACION Y PROPAGACION, TRAFICO ILICITO DE DROGAS)",301,Coacción al consumo de droga
426,CONTRA LA SEGURIDAD PUBLICA,"CONTRA LA SALUD PUBLICA (CONTAMINACION Y PROPAGACION, TRAFICO ILICITO DE DROGAS)",294-C,Agravantes
427,CONTRA LA SEGURIDAD PUBLICA,"CONTRA LA SALUD PUBLICA (CONTAMINACION Y PROPAGACION, TRAFICO ILICITO DE DROGAS)",S/Art,TRAFICO ILÍCITO DE DROGAS
428,CONTRA LA VIDA/EL CUERPO Y LA SALUD,HOMICIDIO,109,Homicidio por emoción violenta
429,CONTRA LA VIDA/EL CUERPO Y LA SALUD,HOMICIDIO,108-A,Homicidio Calificado por la Condición de la víctima
430,CONTRA LA VIDA/EL CUERPO Y LA SALUD,HOMICIDIO,108-D,La conspiración y el ofrecimiento para el delito de sicariato
431,CONTRA LOS PODERES DEL ESTADO Y ORDEN CONSTITUCIONAL,"REBELION , SEDICION Y MOTIN",350,"Seducción, usurpación y retención ilegal de mando"
432,D.LEG 813. LEY PENAL TRIBUTARIA,DEFRAUDACION TRIBUTARIA,4,Defraudación tributaria (D.L. 813)
433,DELITOS ADUANEROS (LEY 28008),CIRCUNSTANCIAS AGRAVANTES,10,Circunstancias agravantes
434,"LEY Nº 30096, LEY DE DELITOS INFORMATICOS",DISPOSICIONES COMUNES,10,Abuso de mecanismos y dispositivos informáticos
435,CONTRA LA LIBERTAD,PROXENETISMO,180,Rufianismo
436,CONTRA EL ESTADO Y LA DEFENSA NACIONAL,DELITOS QUE COMPROMETEN LAS RELACIONES EXTERIORES DEL ESTADO,339,Actos hostiles contra Estado extranjero
437,CONTRA EL ORDEN ECONOMICO,DESEMPEÑO DE ACTIVIDADES NO AUTORIZADAS,243-B,Desempeño de actividades no autorizadas.
438,CONTRA EL ORDEN FINANCIERO Y MONETARIO,DELITOS FINANCIEROS,244,Concentración crediticia
439,CONTRA EL ORDEN FINANCIERO Y MONETARIO,DELITOS FINANCIEROS,245,"Ocultamiento, omisión o falsedad de información"
440,CONTRA LA ADMINISTRACION PUBLICA,DELITOS COMETIDOS POR FUNCIONARIOS PUBLICOS,395-B,Cohecho pasivo impropio en el ejercicio de la función policial (corrupción de funcionarios)
441,CONTRA LA FAMILIA,CONTRA EL ESTADO CIVIL,146,Móvil de honor
442,CONTRA LA FE PUBLICA,FALSIFICACION DE DOCUMENTOS EN GENERAL,431-A,Simulación o simula la ocurrencia de accidentes de tránsito
443,CONTRA LA HUMANIDAD,MANIPULACION GENETICA,324,Manipulación genética
444,CONTRA LA HUMANIDAD,TORTURA,322,Cooperación de profesional (Tortura)
445,CONTRA LA LIBERTAD,VIOLACION DE LA LIBERTAD DE REUNION,S/Art,VIOLACIÓN DE LA LIBERTAD DE REUNIÓN
446,CONTRA LA SEGURIDAD PUBLICA,CONTRA EL ORDEN MIGRATORIO,303-B,Formas agravadas del tráfico ilícito de migrantes
447,CONTRA LA SEGURIDAD PUBLICA,"CONTRA LA SALUD PUBLICA (CONTAMINACION Y PROPAGACION, TRAFICO ILICITO DE DROGAS)",291,Ejercicio malicioso y desleal de la medicina
448,CONTRA LA SEGURIDAD PUBLICA,"CONTRA LA SALUD PUBLICA (CONTAMINACION Y PROPAGACION, TRAFICO ILICITO DE DROGAS)",288-A,comercializa alcohol metílico
449,CONTRA LA SEGURIDAD PUBLICA,"CONTRA LA SALUD PUBLICA (CONTAMINACION Y PROPAGACION, TRAFICO ILICITO DE DROGAS)",296-C,Penalización de la resiembra
450,DELITOS ADUANEROS (LEY 28008),CONTRABANDO (D.ADUAN.),3,Contrabando fraccionado
451,DELITOS TRIBUTARIOS,CONTRABANDO,262,Contrabando (Derogado).
452,DELITOS TRIBUTARIOS,DELITOS TRIBUTARIOS (Sin especificar delito subgenérico),S/Art,DELITOS TRIBUTARIOS
453,CONTRA LA LIBERTAD,VIOLACION DEL SECRETO DE LAS COMUNICAC.,164,Publicación indebida de correspondencia
454,CONTRA EL ORDEN ECONOMICO,DE OTROS DELITOS ECONOMICOS,243-A,Funcionamiento ilegal de casinos de juego
455,CONTRA EL ORDEN FINANCIERO Y MONETARIO,DELITOS MONETARIOS,256,Alteración de billetes o monedas
456,CONTRA LA FAMILIA,MATRIMONIOS ILEGALES,142,Inobservancia de formalidades legales
457,CONTRA LA FE PUBLICA,FALSIFICACION DE DOCUMENTOS EN GENERAL,428-B,Falsedad en el reporte de los volúmenes de pesca capturados
458,CONTRA LA LIBERTAD,VIOLACION DE LA LIBERTAD PERSONAL,153-B,Explotación sexual
459,DELITOS AMBIENTALES,DELITOS CONTRA LOS RECURSOS NATURALES,312,Autorización de actividad contraria a los planes o usos previstos por la ley
460,DELITOS TRIBUTARIOS,ELABORAC. Y COMERC. CLANDEST. DE PRODUCTOS,S/Art,ELABORACIÓN Y COMERCIO CLANDESTINO DE PRODUCTOS
461,CONTRA EL ESTADO Y LA DEFENSA NACIONAL,ATENTADOS CONTRA SEGURIDAD NACIONAL Y TRAICIÓN A LA PATRIA,325,Atentado contra la integridad nacional
462,CONTRA EL PATRIMONIO CULTURAL,CONTRA LOS BIENES CULTURALES,227,Inducción a la comisión de atentados contra yacimientos arqueológicos
463,CONTRA LA LIBERTAD,PROXENETISMO,181-A,"Promoción y favorecimiento de la explotación sexual de niñas, niños y adolescentes"
464,CONTRA LA LIBERTAD,PROXENETISMO,181-B,Formas agravadas - Derogado
465,CONTRA LA SEGURIDAD PUBLICA,DELITO DE PELIGRO COMUN,279-E,"Ensamblado, comercialización y utilización, en el servicio público, de transporte de omnibuses sobre chasis de camión"
466,CONTRA EL ORDEN FINANCIERO Y MONETARIO,DELITOS MONETARIOS,255,Fabricación o introducción en el territorio de la República de instrumentos destinados a la falsificación de billetes o monedas
467,CONTRA LA SEGURIDAD PUBLICA,"CONTRA LA SALUD PUBLICA (CONTAMINACION Y PROPAGACION, TRAFICO ILICITO DE DROGAS)",300,Suministro indebido de droga
468,CONTRA LA TRANQUILIDAD PUBLICA,DELITOS CONTRA LA PAZ PUBLICA,318-A,Delito de intermediación onerosa de órganos y tejidos
469,CONTRA LOS DERECHOS INTELECTUALES,CONTRA LOS DERECHOS DE AUTOR Y CONEXOS,220-D,Delitos contra la información sobre gestión de derechos
470,D.LEG 813. LEY PENAL TRIBUTARIA,DEFRAUDACION TRIBUTARIA,5,Defraudación tributaria (D.L. 813)
471,"LEY Nº 30096, LEY DE DELITOS INFORMATICOS",DISPOSICIONES COMUNES,S/Art,DISPOSICIONES COMUNES
472,CONTRA EL PATRIMONIO,FRAUDE EN LA ADMINISTR. DE PERS. JURID.,198-A,Informes de auditoría distorsionados
473,CONTRA LA SEGURIDAD PUBLICA,"CONTRA LOS MEDIOS DE TRANSP., COMUNIC. Y OTROS SERV. PÚBLICOS",284,Abandono de servicio de transporte 
474,CONTRA EL ESTADO Y LA DEFENSA NACIONAL,CONTRA EL ESTADO Y LA DEFENSA NACIONAL (Sin especificar delito subgenérico),S/Art,CONTRA EL ESTADO Y LA DEFENSA NACIONAL
475,CONTRA EL ORDEN ECONOMICO,DE OTROS DELITOS ECONOMICOS,241,"Fraude en remates, licitaciones y concursos públicos"
476,CONTRA EL PATRIMONIO,RECEPTACION,194-A,Distribución de señales de satélite portadoras de programas
477,CONTRA LA CONF.Y.LA.BUEN.FE.EN.NEGOCIOS,ATENTADOS CONTRA EL SISTEMA CREDITICIO,210,Comisión de delito por culpa del agente
478,CONTRA LA FAMILIA,CONTRA EL ESTADO CIVIL,S/Art,DELITOS CONTRA EL ESTADO CIVIL
479,CONTRA LOS DERECHOS INTELECTUALES,CONTRA LA PROPIEDAD INDUSTRIAL,225,Condición y grado de participación del agente
480,CONTRA EL ESTADO Y LA DEFENSA NACIONAL,ATENTADOS CONTRA SEGURIDAD NACIONAL Y TRAICIÓN A LA PATRIA,327,Destrucción o alteración de hitos fronterizos
481,CONTRA EL ESTADO Y LA DEFENSA NACIONAL,CONTRA SIMBOLOS Y VALORES DE LA PATRIA,345,"Actos de menosprecio contra los símbolos, próceres o héroes patrios"
482,CONTRA EL ORDEN ECONOMICO,ABUSO DEL PODER ECONOMICO,S/Art,ABUSO DE PODER ECONOMICO
483,CONTRA EL ORDEN ECONOMICO,DE OTROS DELITOS ECONOMICOS,242,"Rehusamiento a prestar información económica, industrial o comercial"
484,CONTRA EL ORDEN FINANCIERO Y MONETARIO,DELITOS MONETARIOS,257-A,Formas agravadas
485,CONTRA LA ADMINISTRACION PUBLICA,DELITOS CONTRA LA ADMINISTRACION DE JUSTICIA,415,Amotinamiento de detenido o interno
486,CONTRA LA ADMINISTRACION PUBLICA,DELITOS CONTRA LA ADMINISTRACION DE JUSTICIA,417-A,Insolvencia provocada
487,CONTRA LA HUMANIDAD,GENOCIDIO,319,Genocidio.
488,CONTRA LA LIBERTAD,VIOLACION DEL SECRETO DE LAS COMUNICAC.,S/Art,VIOLACIÓN DEL SECRETO DE LAS COMUNICACIONES
489,CONTRA LA SEGURIDAD PUBLICA,CONTRA EL ORDEN MIGRATORIO,S/Art,DELITOS CONTRA EL ORDEN MIGRATORIO
490,CONTRA LA SEGURIDAD PUBLICA,DELITO DE PELIGRO COMUN,279-D,"Empleo, producción y transferencia de minas antipersonales"
491,CONTRA LA TRANQUILIDAD PUBLICA,DECRETO LEY 25475 (TERRORISMO),4,Colaboración con el terrorismo
492,CONTRA LA TRANQUILIDAD PUBLICA,DECRETO LEY 25475 (TERRORISMO),5,Afiliación a organizaciones terroristas
493,CONTRA LA TRANQUILIDAD PUBLICA,DECRETO LEY 25475 (TERRORISMO),6-A,Reclutamiento de personas
494,CONTRA LOS DERECHOS INTELECTUALES,CONTRA LOS DERECHOS DE AUTOR Y CONEXOS,220-E,"Etiquetas, carátulas o empaques"
495,CONTRA LOS PODERES DEL ESTADO Y ORDEN CONSTITUCIONAL,"REBELION , SEDICION Y MOTIN",349,"Conspiración para una rebelión, sedición o motín"
496,D.LEG 813. LEY PENAL TRIBUTARIA,DEFRAUDACION TRIBUTARIA,5-D,Defraudación tributaria (D.L. 813)
497,DELITOS ADUANEROS (LEY 28008),DEFRAUDACIÓN DE RENTAS DE ADUANA,S/Art,DEFRAUDACION DE RENTAS DE ADUANA
498,CONTRA LA FAMILIA,ATENTADOS CONTRA LA PATRIA POTESTAD,148-A,Participación en pandillaje pernicioso
499,CONTRA LA TRANQUILIDAD PUBLICA,DECRETO LEY 25475 (TERRORISMO),6,Instigación
500,CONTRA LOS PODERES DEL ESTADO Y ORDEN CONSTITUCIONAL,DELITOS CONTRA LOS PODERES DEL ESTADO Y ORDEN CONSTITUCIONAL (Sin especificar delito subgenérico),S/Art,DELITOS  CONTRA  LOS  PODERES  DEL  ESTADO Y  EL  ORDEN  CONSTITUCIONAL 
501,CONTRA EL PATRIMONIO,DELITOS INFORMATICOS,207-C,Delito informático agravado - derogado
502,CONTRA LA ADMINISTRACION PUBLICA,DELITOS COMETIDOS POR PARTICULARES,368-C,Sabotaje de los equipos de seguridad y de comunicación en establecimientos penitenciarios
503,CONTRA LA SEGURIDAD PUBLICA,"CONTRA LA SALUD PUBLICA (CONTAMINACION Y PROPAGACION, TRAFICO ILICITO DE DROGAS)",303,Pena de expulsión
504,CONTRA LA VOLUNTAD POPULAR,DELITOS CONTRA EL DERECHO AL SUFRAGIO,353,Inhabilitación
505,CONTRA LOS PODERES DEL ESTADO Y ORDEN CONSTITUCIONAL,DISPOSICIONES COMUNES,352,"Omisión de resistencia a rebelión, sedición o motín"
506,DELITOS AMBIENTALES,DELITOS CONTRA LOS RECURSOS NATURALES,308-D,Tráfico ilegal de recursos genéticos
507,DELITOS TRIBUTARIOS,CONTRABANDO,S/Art,CONTRABANDO (Derogado)
508,DELITOS TRIBUTARIOS,DEFRAUDACION TRIBUTARIA,268,Defraudación tributaria (Derogado).
509,DELITOS TRIBUTARIOS,ELABORAC. Y COMERC. CLANDEST. DE PRODUCTOS,271,Elaboración clandestina de productos
510,CONTRA LA LIBERTAD,VIOLACION DE LA LIBERTAD PERSONAL,153-H,"Explotación sexual de niñas, niños y adolescentes"
511,D.LEG. 1106 LAVADO DE ACTIVOS,LAVADO DE ACTIVOS,6,"Rehusamiento, retardo y falsedad enel suministro de información"
512,CONTRA EL ESTADO Y LA DEFENSA NACIONAL,ATENTADOS CONTRA SEGURIDAD NACIONAL Y TRAICIÓN A LA PATRIA,333,Provocación pública a la desobediencia militar
513,CONTRA EL ESTADO Y LA DEFENSA NACIONAL,CONTRA SIMBOLOS Y VALORES DE LA PATRIA,S/Art,DELITOS CONTRA LOS SÍMBOLOS Y VALORES DE LA PATRIA
514,CONTRA LOS PODERES DEL ESTADO Y ORDEN CONSTITUCIONAL,"REBELION , SEDICION Y MOTIN",346,Rebelión
515,CONTRA EL ESTADO Y LA DEFENSA NACIONAL,DELITOS QUE COMPROMETEN LAS RELACIONES EXTERIORES DEL ESTADO,342,Ejecución de actos de autoridad extranjera en el territorio nacional
516,CONTRA EL ESTADO Y LA DEFENSA NACIONAL,DELITOS QUE COMPROMETEN LAS RELACIONES EXTERIORES DEL ESTADO,338,Conjuración contra un Estado extranjero
517,CONTRA EL ESTADO Y LA DEFENSA NACIONAL,ATENTADOS CONTRA SEGURIDAD NACIONAL Y TRAICIÓN A LA PATRIA,332,Favorecimiento bélico a Estado extranjero-Favorecimiento agravado
518,CONTRA LA LIBERTAD,VIOLACION DE LA LIBERTAD SEXUAL,178,Responsabilidad especial
519,CONTRA LA LIBERTAD,VIOLACION DE LA LIBERTAD DE REUNION,167,Prohibición de reunión pública lícita por funcionario público
520,CONTRA LA SEGURIDAD PUBLICA,"CONTRA LA SALUD PUBLICA (CONTAMINACION Y PROPAGACION, TRAFICO ILICITO DE DROGAS)",S/Art,CONTAMINACIÓN Y PROPAGACIÓN
521,CONTRA EL ORDEN FINANCIERO Y MONETARIO,DELITOS FINANCIEROS,245-A,Falsedad de información presentada por un emisor en el mercado de valores
522,CONTRA LA ADMINISTRACION PUBLICA,DELITOS CONTRA LA ADMINISTRACION DE JUSTICIA,419,Detención ilegal (prevaricato)
523,CONTRA LA ADMINISTRACION PUBLICA,DELITOS CONTRA LA ADMINISTRACION DE JUSTICIA,420,Prohibición de conocer un proceso que patrocinó (prevaricato)
524,DELITOS ADUANEROS (LEY 28008),DEFRAUDACIÓN DE RENTAS DE ADUANA,4,Defraudación de rentas de aduana
525,CONTRA EL ORDEN ECONOMICO,"ACAPARAMIENTO, ESPECULACION, ADULTERACION",236,Agravante común
526,CONTRA EL ESTADO Y LA DEFENSA NACIONAL,DELITOS QUE COMPROMETEN LAS RELACIONES EXTERIORES DEL ESTADO,S/Art,DELITOS QUE  COMPROMETEN LAS  RELACIONES EXTERIORES  DEL  ESTADO
527,CONTRA LA HUMANIDAD,GENOCIDIO,S/Art,GENOCIDIO
528,CONTRA LA ADMINISTRACION PUBLICA,DELITOS COMETIDOS POR FUNCIONARIOS PUBLICOS,397-A,Cohecho activo transnacional (corrupción de funcionarios)
529,CONTRA LA CONF.Y.LA.BUEN.FE.EN.NEGOCIOS,ATENTADOS CONTRA EL SISTEMA CREDITICIO,213-A,Manejo ilegal de patrimonio de propósito exclusivo
530,CONTRA LOS DERECHOS INTELECTUALES,CONTRA LOS DERECHOS DE AUTOR Y CONEXOS,220-A,Elusión de medida tecnológica efectiva
531,D.LEG 813. LEY PENAL TRIBUTARIA,DEFRAUDACION TRIBUTARIA,5-A,Defraudación tributaria (D.L. 813)
532,CONTRA EL ORDEN FINANCIERO Y MONETARIO,DELITOS MONETARIOS,259,Uso ilegal de divisas
533,CONTRA LOS PODERES DEL ESTADO Y ORDEN CONSTITUCIONAL,"REBELION , SEDICION Y MOTIN",S/Art,"REBELIÓN ,  SEDICIÓN  Y  MOTÍN"
534,CONTRA EL PATRIMONIO,DELITOS INFORMATICOS,207-B,"Alteración, daño y destrucción de base de datos, sistema, red o programa de computadoras - derogado"
535,CONTRA LA FE PUBLICA,FALSIFICACION DE DOCUMENTOS EN GENERAL,433,Equiparación a documento público
536,CONTRA EL ESTADO Y LA DEFENSA NACIONAL,DELITOS QUE COMPROMETEN LAS RELACIONES EXTERIORES DEL ESTADO,335,Violación de inmunidad de Jefe de Estado o de Agente Diplomático
537,CONTRA EL ORDEN ECONOMICO,DE OTROS DELITOS ECONOMICOS,240,Aprovechamiento indebido de ventajas de reputación industrial o comercial - derogado
538,CONTRA LA VOLUNTAD POPULAR,DELITOS CONTRA LA PARTICIPACION DEMOCRATICA,S/Art,DELITOS CONTRA LA PARTICIPACIÓN DEMOCRÁTICA
539,CONTRA EL ESTADO Y LA DEFENSA NACIONAL,ATENTADOS CONTRA SEGURIDAD NACIONAL Y TRAICIÓN A LA PATRIA,331,Espionaje
540,CONTRA LA ADMINISTRACION PUBLICA,DELITOS COMETIDOS POR FUNCIONARIOS PUBLICOS,S/Art,CORRUPCIÓN DE FUNCIONARIOS
541,CONTRA LA LIBERTAD,VIOLACION DE LA LIBERTAD PERSONAL,153-E,Cliente de la explotación sexual
542,CONTRA LA LIBERTAD,VIOLACION DE LA LIBERTAD PERSONAL,153-I,"Beneficio de la explotación sexual de niñas, niños y adolescentes"
543,CONTRA EL ESTADO Y LA DEFENSA NACIONAL,ATENTADOS CONTRA SEGURIDAD NACIONAL Y TRAICIÓN A LA PATRIA,S/Art,ATENTADOS CONTRA LA SEGURIDAD NACIONAL Y  TRAICIÓN A LA PATRIA
544,CONTRA LA TRANQUILIDAD PUBLICA,DELITOS CONTRA LA PAZ PUBLICA,316-A,Apología del delito de terrorismo
545,DELITOS AMBIENTALES,DELITOS CONTRA LOS RECURSOS NATURALES,S/Art,RESPONSABILIDAD FUNCIONAL E INFORMACIÓN FALSA
546,CONTRA EL ORDEN ECONOMICO,DE OTROS DELITOS ECONOMICOS,241-A,Corrupción en el ámbito privado
547,D.LEG. 1106 LAVADO DE ACTIVOS,LAVADO DE ACTIVOS,5,Omisión de comunicación de operaciones o transacciones sospechosas
548,CONTRA LA LIBERTAD,VIOLACION DE LA LIBERTAD PERSONAL,153-J,"Gestión de la explotación sexual de niñas, niños y adolescentes"
549,CONTRA EL ORDEN ECONOMICO,ABUSO DEL PODER ECONOMICO,232,Abuso del poder económico
550,CONTRA LA LIBERTAD,VIOLACION DE LA LIBERTAD PERSONAL,153-D,Promoción o favorecimiento de la explotación sexual
551,CONTRA LOS PODERES DEL ESTADO Y ORDEN CONSTITUCIONAL,"REBELION , SEDICION Y MOTIN",347,Sedición
552,CONTRA EL ORDEN ECONOMICO,"ACAPARAMIENTO, ESPECULACION, ADULTERACION",233,Acaparamiento - derogado
553,CONTRA EL ORDEN ECONOMICO,"ACAPARAMIENTO, ESPECULACION, ADULTERACION",S/Art,ABUSO DE PODER ECONOMICO
554,CONTRA LA LIBERTAD,VIOLACION DE LA LIBERTAD PERSONAL,153-G,Gestión de la explotación sexual
555,CONTRA LA LIBERTAD,VIOLACION DEL SECRETO DE LAS COMUNICAC.,163,Supresión o extravío indebido de correspondencia
556,CONTRA LA LIBERTAD,VIOLACION DEL SECRETO DE LAS COMUNICAC.,162-A,Posesión o comercialización de equipos destinados a la interceptación telefónica o similar
557,CONTRA LA TRANQUILIDAD PUBLICA,DECRETO LEY 25475 (TERRORISMO),9,Reincidencia
558,CONTRA LA VOLUNTAD POPULAR,DELITOS CONTRA LA PARTICIPACION DEMOCRATICA,359-A,Financiamiento prohibido de organizaciones políticas
559,CONTRA LA VOLUNTAD POPULAR,DELITOS CONTRA LA PARTICIPACION DEMOCRATICA,359-B,"Falseamiento de la información sobre aportaciones, ingresos y gastos de organizaciones políticas"
560,CONTRA LOS PODERES DEL ESTADO Y ORDEN CONSTITUCIONAL,DISPOSICIONES COMUNES,S/Art,DISPOSICIONES COMUNES
561,CONTRA EL ORDEN FINANCIERO Y MONETARIO,DELITOS MONETARIOS,260,Retención indebida de divisas
562,CONTRA LA LIBERTAD,VIOLACION DE LA LIBERTAD PERSONAL,153-F,Beneficio por explotación sexual
563,CONTRA LA ADMINISTRACION PUBLICA,DELITOS COMETIDOS POR FUNCIONARIOS PUBLICOS,S/Art,PECULADO
564,CONTRA LA LIBERTAD,VIOLACION DE LA INTIMIDAD,158,Ejercicio de la acción penal
565,CONTRA LA VIDA/EL CUERPO Y LA SALUD,ABORTO,119,Aborto terapeútico
566,CONTRA LA SEGURIDAD PUBLICA,DELITO DE PELIGRO COMUN,273-A,Producción de peligro en el servicio público de transporte de pasajeros
567,CONTRA EL ESTADO Y LA DEFENSA NACIONAL,DELITOS QUE COMPROMETEN LAS RELACIONES EXTERIORES DEL ESTADO,343,Actos de hostilidad ordenados por beligerantes
568,CONTRA EL ESTADO Y LA DEFENSA NACIONAL,DELITOS QUE COMPROMETEN LAS RELACIONES EXTERIORES DEL ESTADO,S/Art,DELITOS QUE COMPROMETEN LAS RELACIONES EXTERIORES DEL ESTADO
569,CONTRA LA ADMINISTRACION PUBLICA,DELITOS COMETIDOS POR FUNCIONARIOS PUBLICOS,398-A,"Ingreso indebido de equipos o sistema de comunicación, fotografía y/o filmación en centros de detención o reclusión"
570,DELITOS ADUANEROS (LEY 28008),FINANCIAMIENTO,7,Financiamiento
571,DELITOS ADUANEROS (LEY 28008),DEFRAUDACIÓN DE RENTAS DE ADUANA,10,Circunstancias agravantes
572,CONTRA LOS DERECHOS INTELECTUALES,CONTRA LOS DERECHOS DE AUTOR Y CONEXOS,220-B,Productos destinados a la elusión de medidas tecnológicas
573,CONTRA EL ORDEN FINANCIERO Y MONETARIO,DELITOS MONETARIOS,257,Aplicación extensiva
574,CONTRA LOS DERECHOS INTELECTUALES,CONTRA LOS DERECHOS DE AUTOR Y CONEXOS,220-F,"Manuales, licencias u otra documentación, o empaques no auténticos relacionados a programas de ordenador"
575,CONTRA EL ORDEN ECONOMICO,DE OTROS DELITOS ECONOMICOS,241-B,Corrupción al interior de entes privados
576,CONTRA LA ADMINISTRACION PUBLICA,DELITOS COMETIDOS POR PARTICULARES,S/Art,"USURPACIÓN DE AUTORIDAD, TÍTULOS Y HONORES"
577,DELITOS TRIBUTARIOS,DEFRAUDACION TRIBUTARIA,269,Defraudación tributaria (Derogado).
578,CONTRA LA ADMINISTRACION PUBLICA,DELITOS COMETIDOS POR FUNCIONARIOS PUBLICOS,393-A,Soborno internacional pasivo (corrupción de funcionarios)
579,CONTRA LA DIGNIDAD HUMANA,EXPLOTACION,129-C,Explotación sexual
580,CONTRA LA DIGNIDAD HUMANA,EXPLOTACION,129-I,"Promoción y favorecimiento de la explotación sexual de niñas, niños y adolescentes"
581,CONTRA LA DIGNIDAD HUMANA,EXPLOTACION,129-M,Pornografía infantil
582,CONTRA LA DIGNIDAD HUMANA,EXPLOTACION,129-Ñ,Esclavitud y otras formas de explotación
583,CONTRA LA DIGNIDAD HUMANA,TRATA DE PERSONAS,129-A,Trata de personas
584,CONTRA LA DIGNIDAD HUMANA,TRATA DE PERSONAS,129-B,Formas agravadas de la Trata de Personas
585,CONTRA LA ADMINISTRACION PUBLICA,DELITOS CONTRA LA ADMINISTRACION DE JUSTICIA,426,Inhabilitación (disposiciones comunes)
586,CONTRA LA DIGNIDAD HUMANA,EXPLOTACION,129-K,"Beneficio de la explotación sexual de niñas, niños y adolescentes"
587,CONTRA LA DIGNIDAD HUMANA,EXPLOTACION,129-O,Trabajo forzoso
588,CONTRA EL ORDEN ECONOMICO,"ACAPARAMIENTO, ESPECULACION, ADULTERACION",233,Acaparamiento
589,CONTRA LA DIGNIDAD HUMANA,EXPLOTACION,129-F,Beneficio por explotación sexual
590,CONTRA LA DIGNIDAD HUMANA,EXPLOTACION,129-H,"Explotación sexual de niñas, niños y adolescentes"
591,CONTRA LA DIGNIDAD HUMANA,EXPLOTACION,129-J,Cliente del adolescente
592,CONTRA LA DIGNIDAD HUMANA,EXPLOTACION,129-L,"Gestión de la explotación sexual de niñas, niños y adolescentes"
593,CONTRA LOS DERECHOS INTELECTUALES,CONTRA LOS DERECHOS DE AUTOR Y CONEXOS,220-C,Servicios destinados a la elusión de medidas tecnológicas
594,CONTRA LA DIGNIDAD HUMANA,EXPLOTACION,129-D,Promoción o favorecimiento de la explotación sexual
595,CONTRA LA DIGNIDAD HUMANA,EXPLOTACION,129-E,Cliente de la explotación sexual
596,CONTRA LA DIGNIDAD HUMANA,EXPLOTACION,129-G,Gestión de la explotación sexual
597,CONTRA LA DIGNIDAD HUMANA,EXPLOTACION,129-P,Delito de intermediación onerosa de órganos y tejidos
598,CONTRA LA DIGNIDAD HUMANA,EXPLOTACION,129-N,"Publicación en los medios de comunicación sobre delitos de libertad sexual contra niñas, niños y adolescentes"
599,DELITOS TRIBUTARIOS,CONTRABANDO,264,Contrabando (Derogado).
